timestamp,speed_kmh,traffic_volume,occupancy,road_segment,illustrative_state
2026-01-01 11:50:00,71.25,11.7,0.061,B1,Free-flow
2026-01-04 02:55:00,23.51,109.11,0.69,A2,Congested
2026-01-02 01:15:00,74.76,26.65,0.171,B1,Free-flow
2026-01-03 07:00:00,52.62,63.98,0.317,A2,Moderate
2026-01-01 09:15:00,78.71,37.98,0.237,B2,Free-flow
2026-01-03 18:55:00,31.12,65.98,0.74,A1,Congested
2026-01-02 06:55:00,79.89,20.1,0.152,B2,Free-flow
2026-01-01 15:10:00,72.86,33.17,0.056,A2,Free-flow
2026-01-01 12:00:00,95.24,15.8,0.105,A2,Free-flow
2026-01-01 13:10:00,74.37,21.4,0.05,A1,Free-flow
2026-01-01 17:35:00,83.47,24.64,0.143,B1,Free-flow
2026-01-03 02:25:00,51.33,49.7,0.298,A1,Moderate
2026-01-04 00:45:00,18.35,80.21,0.638,A2,Congested
2026-01-01 16:00:00,73.58,31.62,0.173,A2,Free-flow
2026-01-03 17:15:00,20.27,103.43,0.662,B1,Congested
2026-01-03 07:10:00,68.0,62.4,0.351,B2,Moderate
2026-01-01 20:00:00,69.65,16.5,0.149,B1,Free-flow
2026-01-02 17:10:00,48.28,42.56,0.215,B1,Moderate
2026-01-02 19:15:00,45.44,41.49,0.266,B2,Moderate
2026-01-01 11:35:00,81.65,18.9,0.094,A1,Free-flow
2026-01-01 23:35:00,76.39,22.69,0.131,A1,Free-flow
2026-01-03 19:45:00,18.48,97.1,0.736,B1,Congested
2026-01-03 15:20:00,16.35,89.25,0.626,B2,Congested
2026-01-02 09:45:00,72.88,24.01,0.179,A2,Free-flow
2026-01-03 03:10:00,49.87,45.24,0.324,B1,Moderate
2026-01-02 10:40:00,53.25,81.21,0.447,A2,Moderate
2026-01-01 08:30:00,70.36,17.35,0.106,A1,Free-flow
2026-01-04 03:45:00,29.99,76.7,0.781,B1,Congested
2026-01-03 12:50:00,25.85,110.04,0.647,A1,Congested
2026-01-03 01:30:00,44.77,65.97,0.375,A1,Moderate
2026-01-02 03:40:00,72.82,22.97,0.184,B1,Free-flow
2026-01-03 21:00:00,25.84,110.11,0.657,B2,Congested
2026-01-02 06:50:00,68.0,27.4,0.099,B1,Free-flow
2026-01-03 02:15:00,40.17,53.39,0.356,B2,Moderate
2026-01-03 09:15:00,45.67,90.45,0.338,A2,Moderate
2026-01-03 14:15:00,22.73,91.44,0.71,B1,Congested
2026-01-01 07:55:00,66.7,21.46,0.105,B2,Free-flow
2026-01-03 07:05:00,53.37,43.3,0.391,A2,Moderate
2026-01-02 17:55:00,39.95,66.54,0.227,B2,Moderate
2026-01-01 23:25:00,83.69,25.98,0.151,B1,Free-flow
2026-01-01 11:15:00,66.43,22.43,0.13,A2,Free-flow
2026-01-02 01:55:00,81.71,5.29,0.136,B1,Free-flow
2026-01-02 12:50:00,48.42,61.01,0.217,B2,Moderate
2026-01-03 20:00:00,21.82,102.69,0.529,A1,Congested
2026-01-03 12:20:00,21.5,75.64,0.753,B1,Congested
2026-01-03 10:05:00,51.37,64.09,0.352,A2,Moderate
2026-01-01 23:55:00,86.38,27.61,0.105,B2,Free-flow
2026-01-03 01:15:00,34.55,63.72,0.31,B2,Moderate
2026-01-02 23:10:00,44.3,65.28,0.216,A1,Moderate
2026-01-04 03:20:00,23.85,83.59,0.549,B2,Congested
2026-01-02 19:45:00,37.82,42.85,0.312,A2,Moderate
2026-01-02 11:20:00,57.03,62.93,0.365,A2,Moderate
2026-01-03 03:45:00,42.54,64.12,0.349,B2,Moderate
2026-01-02 05:20:00,71.15,25.56,0.145,B1,Free-flow
2026-01-02 02:35:00,74.69,26.97,0.043,A1,Free-flow
2026-01-01 23:45:00,54.02,31.01,0.168,A1,Free-flow
2026-01-01 17:25:00,76.95,21.63,0.163,B1,Free-flow
2026-01-02 15:00:00,47.83,62.37,0.349,A2,Moderate
2026-01-02 07:10:00,67.7,27.8,0.082,B2,Free-flow
2026-01-03 03:15:00,51.8,70.29,0.255,B2,Moderate
2026-01-01 09:40:00,71.57,36.38,0.125,A2,Free-flow
2026-01-02 14:30:00,50.47,80.96,0.343,B1,Moderate
2026-01-03 19:35:00,21.29,79.76,0.594,B1,Congested
2026-01-02 19:20:00,42.9,67.26,0.367,B2,Moderate
2026-01-01 23:20:00,81.02,8.03,0.06,B2,Free-flow
2026-01-01 22:30:00,78.33,34.49,0.102,A2,Free-flow
2026-01-03 13:40:00,5.68,114.05,0.707,A2,Congested
2026-01-03 01:00:00,35.03,54.09,0.287,B2,Moderate
2026-01-02 09:20:00,72.3,23.38,0.12,B1,Free-flow
2026-01-02 19:25:00,45.26,59.68,0.253,A2,Moderate
2026-01-03 10:10:00,45.39,83.45,0.326,A2,Moderate
2026-01-03 06:35:00,44.65,73.7,0.275,A2,Moderate
2026-01-04 02:50:00,14.01,97.95,0.721,A1,Congested
2026-01-02 08:10:00,77.23,22.06,0.096,A1,Free-flow
2026-01-01 17:20:00,74.78,21.15,0.109,B1,Free-flow
2026-01-04 04:15:00,16.59,80.74,0.854,A1,Congested
2026-01-02 12:05:00,50.11,49.3,0.266,A2,Moderate
2026-01-02 23:05:00,40.91,59.52,0.269,A1,Moderate
2026-01-01 11:00:00,79.33,14.72,0.121,A2,Free-flow
2026-01-03 13:20:00,27.21,92.84,0.74,B2,Congested
2026-01-03 01:45:00,54.02,76.71,0.249,A2,Moderate
2026-01-01 20:30:00,66.98,19.54,0.142,A2,Free-flow
2026-01-03 02:40:00,50.03,59.89,0.295,B1,Moderate
2026-01-01 11:30:00,69.7,13.76,0.096,B2,Free-flow
2026-01-04 02:20:00,19.76,86.91,0.601,A1,Congested
2026-01-03 22:45:00,1.83,96.53,0.679,B2,Congested
2026-01-02 13:45:00,47.84,39.25,0.326,B1,Moderate
2026-01-02 22:25:00,44.23,60.98,0.3,A2,Moderate
2026-01-02 00:10:00,64.63,29.99,0.146,A1,Free-flow
2026-01-03 05:55:00,43.34,63.21,0.328,A1,Moderate
2026-01-02 10:50:00,38.74,52.17,0.339,A1,Moderate
2026-01-03 03:25:00,37.14,63.44,0.279,A1,Moderate
2026-01-04 00:40:00,18.66,83.35,0.645,A2,Congested
2026-01-04 01:25:00,24.06,68.89,0.72,A2,Congested
2026-01-03 22:50:00,18.7,102.6,0.683,B1,Congested
2026-01-02 15:10:00,27.93,54.19,0.298,A2,Moderate
2026-01-01 12:20:00,73.86,20.11,0.139,B1,Free-flow
2026-01-01 22:20:00,70.66,29.72,0.145,B2,Free-flow
2026-01-03 10:35:00,48.1,55.42,0.253,A2,Moderate
2026-01-03 20:35:00,24.58,80.43,0.856,B1,Congested
2026-01-03 05:30:00,46.24,48.57,0.29,B1,Moderate
2026-01-02 15:45:00,49.79,65.82,0.309,B1,Moderate
2026-01-03 00:40:00,53.66,59.15,0.139,B1,Moderate
2026-01-02 10:10:00,71.06,17.02,0.117,A1,Free-flow
2026-01-04 08:35:00,15.34,30.41,0.597,B1,Incident-like
2026-01-02 00:55:00,63.34,22.94,0.09,B1,Free-flow
2026-01-03 13:45:00,13.59,68.71,0.716,B1,Congested
2026-01-01 23:00:00,76.47,22.45,0.146,A1,Free-flow
2026-01-03 20:05:00,26.43,96.3,0.499,A2,Congested
2026-01-01 22:00:00,59.07,27.37,0.099,B2,Free-flow
2026-01-04 06:50:00,16.85,34.8,0.631,B2,Incident-like
2026-01-04 00:10:00,8.07,118.29,0.773,B1,Congested
2026-01-03 22:30:00,21.97,94.18,0.729,B2,Congested
2026-01-02 22:05:00,48.95,63.4,0.294,B2,Moderate
2026-01-04 03:30:00,25.86,92.3,0.57,A1,Congested
2026-01-02 20:45:00,68.4,36.68,0.333,A2,Moderate
2026-01-04 01:15:00,16.48,83.99,0.691,A2,Congested
2026-01-04 07:45:00,19.39,12.9,0.326,B2,Incident-like
2026-01-01 14:00:00,77.1,19.11,0.079,A1,Free-flow
2026-01-04 08:15:00,19.58,29.71,0.26,B1,Incident-like
2026-01-02 09:10:00,64.85,22.16,0.093,A1,Free-flow
2026-01-02 06:30:00,69.31,28.34,0.134,B2,Free-flow
2026-01-01 23:30:00,62.88,16.16,0.138,A1,Free-flow
2026-01-02 18:40:00,33.06,65.41,0.349,A2,Moderate
2026-01-03 23:15:00,30.05,73.03,0.573,A2,Congested
2026-01-01 12:30:00,72.0,18.95,0.133,A2,Free-flow
2026-01-02 04:05:00,56.95,21.77,0.085,A1,Free-flow
2026-01-04 03:05:00,17.01,79.74,0.732,B2,Congested
2026-01-02 17:40:00,54.15,41.52,0.333,A2,Moderate
2026-01-01 17:45:00,65.19,28.66,0.163,A2,Free-flow
2026-01-03 06:30:00,37.7,64.78,0.128,B2,Moderate
2026-01-03 19:55:00,22.75,79.5,0.906,B2,Congested
2026-01-02 12:15:00,55.0,59.17,0.366,A1,Moderate
2026-01-01 11:25:00,92.14,37.14,0.086,A2,Free-flow
2026-01-03 23:45:00,23.5,97.87,0.651,A1,Congested
2026-01-02 06:15:00,78.05,26.65,0.071,B1,Free-flow
2026-01-03 08:15:00,58.8,61.08,0.19,A1,Moderate
2026-01-04 05:25:00,27.86,30.89,0.715,A1,Incident-like
2026-01-02 22:30:00,54.11,51.58,0.2,B1,Moderate
2026-01-02 01:35:00,68.78,25.71,0.131,B2,Free-flow
2026-01-02 02:50:00,61.26,21.15,0.097,A2,Free-flow
2026-01-01 10:05:00,68.36,15.42,0.069,A1,Free-flow
2026-01-03 12:45:00,24.83,68.29,0.735,A2,Congested
2026-01-02 07:45:00,63.08,22.39,0.056,B2,Free-flow
2026-01-03 17:05:00,16.23,85.5,0.723,B1,Congested
2026-01-02 04:55:00,66.3,33.59,0.101,A2,Free-flow
2026-01-04 08:30:00,5.33,26.01,0.34,A2,Incident-like
2026-01-01 19:45:00,74.1,17.7,0.128,A1,Free-flow
2026-01-03 00:45:00,52.81,72.55,0.388,B2,Moderate
2026-01-01 08:45:00,73.86,24.15,0.184,B1,Free-flow
2026-01-01 08:35:00,58.18,27.04,0.13,A2,Free-flow
2026-01-03 14:05:00,23.87,77.45,0.672,A1,Congested
2026-01-02 15:40:00,46.57,52.1,0.269,A1,Moderate
2026-01-03 01:10:00,51.1,54.35,0.281,A2,Moderate
2026-01-02 17:50:00,40.5,53.76,0.233,A1,Moderate
2026-01-01 15:05:00,55.97,35.23,0.102,B1,Free-flow
2026-01-01 12:25:00,73.24,26.46,0.122,B1,Free-flow
2026-01-02 16:20:00,46.1,46.85,0.249,B1,Moderate
2026-01-02 08:00:00,70.79,27.03,0.122,A2,Free-flow
2026-01-01 12:50:00,79.42,27.18,0.076,A2,Free-flow
2026-01-02 08:45:00,70.08,24.71,0.123,A2,Free-flow
2026-01-03 12:05:00,4.74,80.23,0.704,B2,Congested
2026-01-03 15:45:00,25.66,112.35,0.616,B1,Congested
2026-01-02 12:00:00,37.08,69.61,0.416,A2,Moderate
2026-01-02 22:35:00,44.28,43.01,0.339,B2,Moderate
2026-01-02 20:40:00,47.7,58.94,0.263,B1,Moderate
2026-01-01 06:25:00,79.03,23.65,0.113,A1,Free-flow
2026-01-01 10:30:00,85.21,36.07,0.113,B1,Free-flow
2026-01-03 19:10:00,24.04,113.53,0.839,B2,Congested
2026-01-02 20:30:00,57.51,64.1,0.324,A1,Moderate
2026-01-02 08:55:00,75.6,24.02,0.09,A1,Free-flow
2026-01-02 12:35:00,43.63,58.28,0.268,B2,Moderate
2026-01-01 14:05:00,62.27,19.3,0.132,A2,Free-flow
2026-01-02 19:00:00,49.66,56.74,0.405,B1,Moderate
2026-01-03 06:00:00,38.17,71.47,0.303,A1,Moderate
2026-01-04 08:45:00,16.13,18.56,0.543,B2,Incident-like
2026-01-03 06:10:00,60.44,65.91,0.309,B1,Moderate
2026-01-03 22:55:00,18.15,93.01,0.701,A2,Congested
2026-01-01 08:05:00,75.85,27.13,0.147,B1,Free-flow
2026-01-01 13:00:00,71.17,22.24,0.126,B2,Free-flow
2026-01-01 06:50:00,81.03,23.2,0.086,A2,Free-flow
2026-01-02 09:50:00,52.39,14.08,0.073,A2,Free-flow
2026-01-02 02:20:00,74.92,46.25,0.154,A2,Free-flow
2026-01-03 14:30:00,13.01,86.72,0.738,B2,Congested
2026-01-02 07:30:00,70.77,34.18,0.102,A2,Free-flow
2026-01-03 07:15:00,35.33,50.77,0.233,B2,Moderate
2026-01-01 15:50:00,56.06,14.92,0.061,A2,Free-flow
2026-01-02 06:10:00,72.02,26.38,0.147,A1,Free-flow
2026-01-02 08:20:00,81.81,35.05,0.14,A1,Free-flow
2026-01-01 08:25:00,69.15,29.16,0.083,B2,Free-flow
2026-01-01 10:35:00,83.69,16.25,0.084,A1,Free-flow
2026-01-02 16:45:00,45.85,50.88,0.287,A2,Moderate
2026-01-03 07:55:00,53.44,56.86,0.277,B2,Moderate
2026-01-04 04:50:00,15.04,18.43,0.485,A2,Incident-like
2026-01-02 12:40:00,59.34,62.36,0.295,A2,Moderate
2026-01-01 12:45:00,74.1,27.36,0.05,B2,Free-flow
2026-01-03 10:25:00,53.08,46.83,0.24,B1,Moderate
2026-01-02 13:15:00,30.18,65.37,0.363,A2,Moderate
2026-01-04 05:50:00,9.35,21.99,0.144,A1,Incident-like
2026-01-02 17:30:00,59.94,63.4,0.349,A1,Moderate
2026-01-03 23:35:00,14.01,65.35,0.792,B1,Congested
2026-01-03 05:25:00,49.19,51.27,0.312,A2,Moderate
2026-01-03 16:05:00,18.9,119.33,0.538,B2,Congested
2026-01-02 05:50:00,78.96,34.35,0.192,B1,Free-flow
2026-01-03 17:30:00,24.09,112.67,0.69,A1,Congested
2026-01-03 02:55:00,35.2,66.76,0.437,B2,Moderate
2026-01-02 11:45:00,58.86,73.32,0.24,A1,Moderate
2026-01-03 22:00:00,21.19,115.49,0.741,B2,Congested
2026-01-04 04:25:00,20.36,116.0,0.732,B2,Congested
2026-01-03 17:50:00,20.49,107.13,0.738,B2,Congested
2026-01-02 14:50:00,57.3,72.95,0.377,B1,Moderate
2026-01-02 23:40:00,42.26,59.34,0.283,B2,Moderate
2026-01-02 12:25:00,52.63,65.8,0.352,B2,Moderate
2026-01-03 18:50:00,23.72,91.32,0.641,A1,Congested
2026-01-02 22:10:00,36.69,69.86,0.336,B2,Moderate
2026-01-02 16:05:00,46.48,55.49,0.337,A2,Moderate
2026-01-02 21:25:00,37.56,58.64,0.302,A1,Moderate
2026-01-02 06:20:00,83.54,20.49,0.054,B2,Free-flow
2026-01-01 06:35:00,69.18,27.73,0.135,B2,Free-flow
2026-01-02 19:35:00,49.13,66.76,0.199,B2,Moderate
2026-01-01 18:55:00,81.18,7.24,0.089,A2,Free-flow
2026-01-02 11:15:00,39.63,73.9,0.307,B1,Moderate
2026-01-02 17:45:00,43.69,57.73,0.266,A2,Moderate
2026-01-01 14:25:00,83.81,26.58,0.154,A1,Free-flow
2026-01-01 22:35:00,74.51,22.28,0.158,B2,Free-flow
2026-01-03 09:05:00,42.41,53.78,0.327,B2,Moderate
2026-01-03 02:00:00,49.54,54.9,0.413,B2,Moderate
2026-01-04 01:55:00,17.99,108.44,0.748,A2,Congested
2026-01-02 13:40:00,37.6,72.28,0.257,B1,Moderate
2026-01-02 07:00:00,77.42,17.32,0.159,B1,Free-flow
2026-01-02 16:40:00,46.99,61.48,0.473,A1,Moderate
2026-01-04 07:10:00,23.78,30.59,0.9,B1,Incident-like
2026-01-02 08:35:00,61.15,18.44,0.172,B2,Free-flow
2026-01-01 06:10:00,69.47,23.88,0.086,B1,Free-flow
2026-01-02 03:10:00,73.8,30.63,0.076,A2,Free-flow
2026-01-03 00:15:00,40.6,45.38,0.3,B1,Moderate
2026-01-02 23:35:00,54.4,41.58,0.297,A2,Moderate
2026-01-02 04:10:00,72.95,20.0,0.113,A2,Free-flow
2026-01-01 19:10:00,63.93,28.95,0.147,B2,Free-flow
2026-01-03 01:25:00,49.92,57.91,0.322,A1,Moderate
2026-01-04 03:40:00,5.59,97.36,0.884,B1,Congested
2026-01-03 05:15:00,59.88,41.92,0.364,A1,Moderate
2026-01-02 09:40:00,79.7,25.91,0.098,A1,Free-flow
2026-01-02 18:00:00,44.04,50.5,0.403,A1,Moderate
2026-01-02 07:25:00,75.29,24.83,0.138,B1,Free-flow
2026-01-02 18:20:00,36.22,60.52,0.26,A2,Moderate
2026-01-03 01:50:00,46.41,66.97,0.314,A1,Moderate
2026-01-02 16:00:00,63.6,69.95,0.378,B2,Moderate
2026-01-04 08:25:00,19.8,31.73,0.607,B1,Incident-like
2026-01-02 11:55:00,45.11,36.31,0.298,B1,Moderate
2026-01-03 06:45:00,44.76,69.96,0.24,A1,Moderate
2026-01-03 12:35:00,19.08,108.57,0.718,B1,Congested
2026-01-03 12:55:00,24.57,130.59,0.615,B1,Congested
2026-01-01 23:40:00,73.26,29.44,0.152,A1,Free-flow
2026-01-04 03:00:00,20.82,99.67,0.704,A2,Congested
2026-01-01 12:35:00,94.51,38.65,0.183,A1,Free-flow
2026-01-01 18:20:00,72.8,23.4,0.152,B2,Free-flow
2026-01-02 03:35:00,75.83,13.25,0.136,B1,Free-flow
2026-01-03 07:30:00,47.77,64.37,0.296,A2,Moderate
2026-01-04 04:10:00,14.47,50.91,0.513,A1,Congested
2026-01-02 13:50:00,54.77,61.52,0.199,A2,Moderate
2026-01-02 22:15:00,46.04,39.99,0.238,B2,Moderate
2026-01-01 17:05:00,74.51,18.17,0.056,B1,Free-flow
2026-01-02 21:00:00,31.59,77.09,0.336,B2,Moderate
2026-01-03 03:40:00,48.23,59.77,0.277,A1,Moderate
2026-01-03 00:10:00,48.49,43.89,0.256,B1,Moderate
2026-01-03 12:25:00,19.76,46.04,0.562,A1,Congested
2026-01-03 11:10:00,42.62,59.03,0.254,B1,Moderate
2026-01-03 20:40:00,14.89,81.75,0.844,A2,Congested
2026-01-02 05:25:00,63.67,31.73,0.104,A2,Free-flow
2026-01-03 15:15:00,20.85,78.69,0.574,A1,Congested
2026-01-03 16:45:00,24.98,82.93,0.506,B1,Congested
2026-01-02 06:40:00,69.08,8.74,0.121,A2,Free-flow
2026-01-01 20:20:00,67.84,29.69,0.13,A2,Free-flow
2026-01-04 05:55:00,9.3,37.62,0.881,B1,Incident-like
2026-01-02 20:55:00,56.23,60.31,0.389,B2,Moderate
2026-01-04 01:40:00,33.96,78.27,0.788,A2,Congested
2026-01-04 01:20:00,15.79,70.06,0.768,A2,Congested
2026-01-01 13:30:00,81.42,27.07,0.19,A2,Free-flow
2026-01-04 04:05:00,24.22,109.67,0.796,A1,Congested
2026-01-01 21:05:00,63.68,7.11,0.184,B1,Free-flow
2026-01-04 05:45:00,18.88,53.56,0.217,B2,Incident-like
2026-01-04 00:50:00,25.6,102.13,0.746,B1,Congested
2026-01-01 11:45:00,89.69,20.29,0.085,B2,Free-flow
2026-01-01 16:55:00,88.62,24.49,0.126,A2,Free-flow
2026-01-03 07:50:00,50.71,44.16,0.321,B1,Moderate
2026-01-02 21:45:00,53.26,59.54,0.477,B2,Moderate
2026-01-01 17:15:00,87.5,31.74,0.082,A2,Free-flow
2026-01-01 19:40:00,76.39,25.32,0.062,B1,Free-flow
2026-01-01 08:20:00,75.2,17.66,0.105,B2,Free-flow
2026-01-02 23:25:00,48.51,58.45,0.304,B1,Moderate
2026-01-01 22:05:00,78.28,25.91,0.091,B1,Free-flow
2026-01-02 07:55:00,67.31,34.05,0.13,B1,Free-flow
2026-01-03 18:15:00,8.73,88.77,0.868,B1,Congested
2026-01-03 11:20:00,63.3,61.33,0.344,A1,Moderate
2026-01-03 02:45:00,45.4,60.83,0.371,B2,Moderate
2026-01-01 17:40:00,71.55,22.81,0.089,A1,Free-flow
2026-01-01 20:25:00,76.12,19.96,0.171,B2,Free-flow
2026-01-01 06:30:00,66.55,32.56,0.114,B1,Free-flow
2026-01-03 06:25:00,48.91,57.16,0.217,B2,Moderate
2026-01-02 13:25:00,28.55,53.83,0.227,A2,Moderate
2026-01-01 12:05:00,85.83,17.09,0.11,A1,Free-flow
2026-01-03 09:30:00,53.12,47.84,0.235,A2,Moderate
2026-01-02 09:35:00,80.15,31.21,0.127,A1,Free-flow
2026-01-04 07:50:00,13.54,40.6,0.69,A1,Incident-like
2026-01-01 18:05:00,66.24,13.48,0.001,A1,Free-flow
2026-01-02 01:30:00,74.02,20.47,0.095,B2,Free-flow
2026-01-02 00:20:00,77.1,26.39,0.049,A2,Free-flow
2026-01-03 06:40:00,52.62,53.24,0.318,B1,Moderate
2026-01-04 00:55:00,22.44,82.35,0.664,B1,Congested
2026-01-01 17:00:00,80.61,18.08,0.133,A2,Free-flow
2026-01-03 19:50:00,24.97,93.24,0.831,B2,Congested
2026-01-02 09:15:00,70.68,33.02,0.122,A1,Free-flow
2026-01-01 21:25:00,88.42,25.2,0.107,B2,Free-flow
2026-01-01 09:25:00,65.5,21.09,0.096,A2,Free-flow
2026-01-03 03:55:00,55.18,54.19,0.207,A2,Moderate
2026-01-01 15:00:00,78.73,27.88,0.213,B2,Free-flow
2026-01-02 17:25:00,62.67,40.51,0.283,A2,Moderate
2026-01-01 10:40:00,77.15,21.24,0.12,A2,Free-flow
2026-01-03 08:10:00,53.49,68.45,0.254,A2,Moderate
2026-01-02 11:10:00,29.44,41.46,0.183,A2,Moderate
2026-01-02 23:45:00,51.55,42.26,0.357,A1,Moderate
2026-01-01 08:00:00,62.43,27.41,0.101,B2,Free-flow
2026-01-03 13:25:00,17.27,98.07,0.913,B1,Congested
2026-01-02 18:05:00,46.52,63.98,0.162,A1,Moderate
2026-01-02 18:35:00,55.55,72.38,0.298,B2,Moderate
2026-01-01 10:15:00,74.29,33.14,0.129,B2,Free-flow
2026-01-02 16:15:00,54.45,65.86,0.362,A2,Moderate
2026-01-04 02:35:00,19.39,100.58,0.506,B1,Congested
2026-01-03 18:00:00,24.43,87.39,0.63,B1,Congested
2026-01-02 04:00:00,81.26,34.05,0.141,B1,Free-flow
2026-01-03 15:40:00,13.59,115.64,0.52,A1,Congested
2026-01-03 09:25:00,45.45,59.53,0.306,B2,Moderate
2026-01-03 16:35:00,23.91,83.97,0.65,B2,Congested
2026-01-02 11:35:00,39.71,59.04,0.333,B2,Moderate
2026-01-01 07:30:00,76.69,28.98,0.152,B1,Free-flow
2026-01-04 04:20:00,26.59,92.37,0.661,A2,Congested
2026-01-02 10:30:00,45.79,62.38,0.353,B2,Moderate
2026-01-01 12:55:00,74.11,24.37,0.108,B2,Free-flow
2026-01-01 11:05:00,75.91,20.61,0.107,A1,Free-flow
2026-01-02 04:40:00,81.6,26.03,0.106,B1,Free-flow
2026-01-02 05:45:00,76.83,21.88,0.101,B1,Free-flow
2026-01-02 12:10:00,53.42,57.54,0.432,A2,Moderate
2026-01-04 08:05:00,17.91,14.79,0.391,B1,Incident-like
2026-01-01 07:00:00,66.68,25.63,0.125,B2,Free-flow
2026-01-01 21:10:00,92.39,21.16,0.043,A2,Free-flow
2026-01-02 14:20:00,50.29,49.21,0.374,B1,Moderate
2026-01-03 18:05:00,20.3,104.07,0.702,A1,Congested
2026-01-02 00:35:00,72.1,25.42,0.076,B1,Free-flow
2026-01-03 04:30:00,48.66,43.27,0.157,B1,Moderate
2026-01-03 10:45:00,55.57,54.47,0.278,B1,Moderate
2026-01-03 11:40:00,38.24,69.31,0.344,B1,Moderate
2026-01-03 02:10:00,37.52,42.28,0.167,A1,Moderate
2026-01-03 01:55:00,50.9,64.94,0.316,A2,Moderate
2026-01-03 11:00:00,41.94,58.17,0.311,A1,Moderate
2026-01-01 20:40:00,63.73,25.65,0.063,B1,Free-flow
2026-01-03 08:20:00,43.0,67.26,0.29,B1,Moderate
2026-01-02 19:10:00,50.77,39.2,0.259,B1,Moderate
2026-01-02 17:00:00,60.5,62.29,0.377,B2,Moderate
2026-01-01 19:35:00,77.92,22.88,0.094,A2,Free-flow
2026-01-02 02:40:00,77.33,17.13,0.062,A2,Free-flow
2026-01-03 19:40:00,26.6,112.59,0.591,B1,Congested
2026-01-04 00:05:00,24.33,83.87,0.621,B1,Congested
2026-01-01 12:10:00,78.22,27.04,0.105,B1,Free-flow
2026-01-01 15:25:00,72.43,20.7,0.138,B2,Free-flow
2026-01-03 00:50:00,36.86,61.62,0.381,A1,Moderate
2026-01-02 23:15:00,38.22,50.05,0.445,A1,Moderate
2026-01-01 14:40:00,70.82,22.93,0.135,A1,Free-flow
2026-01-01 15:30:00,77.62,24.97,0.15,B1,Free-flow
2026-01-02 19:30:00,39.97,46.72,0.266,A2,Moderate
2026-01-01 13:40:00,66.42,30.93,0.073,B1,Free-flow
2026-01-04 00:25:00,16.22,98.98,0.589,A1,Congested
2026-01-01 13:25:00,82.4,28.08,0.189,A2,Free-flow
2026-01-02 10:00:00,65.11,41.2,0.192,A2,Free-flow
2026-01-04 08:00:00,0.66,45.27,0.368,A1,Incident-like
2026-01-04 02:40:00,14.93,75.9,0.5,B1,Congested
2026-01-04 03:35:00,16.09,120.32,0.69,B1,Congested
2026-01-03 03:35:00,47.09,65.43,0.229,B2,Moderate
2026-01-03 04:00:00,40.34,70.32,0.175,B1,Moderate
2026-01-01 13:50:00,86.57,29.12,0.057,B1,Free-flow
2026-01-01 06:55:00,77.2,29.2,0.142,A1,Free-flow
2026-01-04 08:50:00,18.68,19.29,0.489,A1,Incident-like
2026-01-01 09:35:00,63.71,12.28,0.101,A1,Free-flow
2026-01-01 09:30:00,70.87,31.46,0.126,B1,Free-flow
2026-01-02 09:25:00,53.44,9.99,0.098,A2,Free-flow
2026-01-01 19:55:00,74.91,7.13,0.074,B2,Free-flow
2026-01-03 23:25:00,16.58,77.83,0.666,B1,Congested
2026-01-03 03:05:00,44.8,59.22,0.169,A2,Moderate
2026-01-03 18:10:00,15.48,92.16,0.834,A2,Congested
2026-01-04 04:40:00,1.82,34.91,0.499,A2,Incident-like
2026-01-01 20:50:00,73.93,19.7,0.178,A1,Free-flow
2026-01-03 06:55:00,42.66,41.45,0.24,B1,Moderate
2026-01-03 23:50:00,9.29,93.71,0.798,A2,Congested
2026-01-03 07:45:00,32.91,47.02,0.339,A2,Moderate
2026-01-01 20:45:00,65.55,15.02,0.149,B2,Free-flow
2026-01-03 15:55:00,17.32,115.25,0.646,B1,Congested
2026-01-03 17:35:00,14.79,103.49,0.614,B2,Congested
2026-01-03 17:45:00,15.71,110.48,0.745,B2,Congested
2026-01-02 13:55:00,53.19,35.46,0.235,A1,Moderate
2026-01-02 03:25:00,67.54,21.14,0.122,B1,Free-flow
2026-01-02 18:50:00,41.28,66.99,0.192,B2,Moderate
2026-01-02 09:55:00,69.96,13.45,0.081,B1,Free-flow
2026-01-03 17:40:00,25.54,125.16,0.678,B2,Congested
2026-01-01 07:15:00,69.44,20.71,0.094,B1,Free-flow
2026-01-01 06:15:00,78.22,24.46,0.165,A2,Free-flow
2026-01-03 13:10:00,16.04,121.03,0.691,B2,Congested
2026-01-02 03:20:00,68.55,6.49,0.052,B1,Free-flow
2026-01-02 20:00:00,47.16,38.55,0.146,A1,Moderate
2026-01-02 21:50:00,40.3,56.77,0.436,A1,Moderate
2026-01-03 22:25:00,16.81,112.99,0.785,B2,Congested
2026-01-02 14:45:00,45.34,62.52,0.231,A2,Moderate
2026-01-02 00:30:00,85.83,33.51,0.13,A1,Free-flow
2026-01-03 02:05:00,43.89,58.13,0.372,A2,Moderate
2026-01-02 20:05:00,41.11,52.53,0.213,A1,Moderate
2026-01-02 17:20:00,47.91,30.88,0.297,B1,Moderate
2026-01-02 09:00:00,70.11,22.71,0.109,B1,Free-flow
2026-01-03 02:30:00,55.31,62.72,0.212,A1,Moderate
2026-01-01 06:45:00,67.9,18.3,0.145,B2,Free-flow
2026-01-02 02:45:00,72.67,19.15,0.153,B2,Free-flow
2026-01-01 07:50:00,73.27,28.38,0.108,A2,Free-flow
2026-01-02 11:40:00,42.45,58.32,0.35,A1,Moderate
2026-01-02 00:25:00,67.55,15.04,0.187,A1,Free-flow
2026-01-03 08:25:00,57.81,45.43,0.254,B2,Moderate
2026-01-03 22:20:00,7.54,72.81,0.587,B1,Congested
2026-01-04 07:35:00,0.0,41.62,0.401,B1,Incident-like
2026-01-03 02:20:00,43.51,60.78,0.289,B1,Moderate
2026-01-02 10:20:00,75.34,14.76,0.154,B1,Free-flow
2026-01-03 20:25:00,8.99,104.36,0.63,B1,Congested
2026-01-03 01:35:00,46.17,32.71,0.364,B1,Moderate
2026-01-01 22:55:00,80.39,17.17,0.084,A2,Free-flow
2026-01-02 01:45:00,74.55,15.87,0.035,B2,Free-flow
2026-01-01 13:45:00,70.47,32.2,0.15,B1,Free-flow
2026-01-03 02:50:00,44.07,50.61,0.226,B2,Moderate
2026-01-02 19:05:00,35.53,48.36,0.349,B2,Moderate
2026-01-03 14:50:00,4.36,99.57,0.62,B2,Congested
2026-01-02 05:40:00,77.06,14.17,0.133,B1,Free-flow
2026-01-01 21:20:00,76.64,27.67,0.06,A2,Free-flow
2026-01-04 00:35:00,21.31,93.42,0.691,A1,Congested
2026-01-02 18:10:00,47.7,81.97,0.319,A2,Moderate
2026-01-03 19:15:00,19.28,111.92,0.858,B2,Congested
2026-01-01 18:45:00,69.11,17.41,0.102,A2,Free-flow
2026-01-01 12:15:00,61.0,22.33,0.109,A1,Free-flow
2026-01-04 07:15:00,9.1,28.05,0.524,A1,Incident-like
2026-01-03 04:10:00,40.88,68.39,0.361,A2,Moderate
2026-01-02 05:05:00,73.05,16.98,0.116,A1,Free-flow
2026-01-01 11:40:00,54.82,22.86,0.078,B2,Free-flow
2026-01-03 05:20:00,34.75,60.61,0.42,A2,Moderate
2026-01-01 21:40:00,85.34,16.27,0.143,B1,Free-flow
2026-01-02 04:35:00,73.69,30.2,0.14,A1,Free-flow
2026-01-03 13:35:00,19.07,56.25,0.742,A2,Congested
2026-01-03 04:35:00,35.38,48.97,0.246,A1,Moderate
2026-01-02 01:40:00,62.88,20.63,0.178,B2,Free-flow
2026-01-01 13:20:00,69.37,23.57,0.078,A1,Free-flow
2026-01-04 00:00:00,24.23,81.58,0.528,B2,Congested
2026-01-01 15:45:00,69.87,23.18,0.153,B1,Free-flow
2026-01-01 16:25:00,70.95,11.18,0.157,A1,Free-flow
2026-01-03 19:25:00,8.14,99.04,0.917,B1,Congested
2026-01-02 06:05:00,66.17,21.1,0.145,B1,Free-flow
2026-01-02 01:50:00,57.11,24.2,0.121,A2,Free-flow
2026-01-01 06:00:00,74.44,16.72,0.15,A1,Free-flow
2026-01-04 08:10:00,19.81,41.68,0.468,A1,Incident-like
2026-01-03 08:05:00,48.92,67.83,0.317,B2,Moderate
2026-01-04 05:15:00,11.1,48.09,0.447,A1,Incident-like
2026-01-02 14:55:00,53.8,62.86,0.198,B2,Moderate
2026-01-03 02:35:00,40.41,74.95,0.382,A2,Moderate
2026-01-01 16:30:00,67.16,20.26,0.077,B1,Free-flow
2026-01-02 05:10:00,71.72,14.45,0.11,B2,Free-flow
2026-01-03 16:00:00,19.61,109.01,0.901,B2,Congested
2026-01-01 15:40:00,73.57,29.74,0.104,A2,Free-flow
2026-01-02 01:00:00,62.0,27.58,0.136,B2,Free-flow
2026-01-04 01:45:00,13.03,99.4,0.679,A1,Congested
2026-01-03 13:00:00,15.96,87.41,0.641,B1,Congested
2026-01-01 10:45:00,74.7,33.85,0.124,A1,Free-flow
2026-01-03 23:20:00,11.19,117.91,0.644,B1,Congested
2026-01-02 04:50:00,58.21,27.16,0.139,B1,Free-flow
2026-01-02 08:30:00,76.79,27.64,0.076,A2,Free-flow
2026-01-03 10:30:00,48.26,60.08,0.18,B1,Moderate
2026-01-01 18:00:00,56.07,13.53,0.175,B1,Free-flow
2026-01-03 17:25:00,18.4,90.29,0.701,A2,Congested
2026-01-03 07:35:00,38.15,34.27,0.292,A1,Moderate
2026-01-04 02:00:00,23.39,82.03,0.585,B2,Congested
2026-01-03 23:05:00,26.74,65.98,0.708,B1,Congested
2026-01-02 12:45:00,32.81,33.83,0.366,B1,Moderate
2026-01-02 04:20:00,72.61,24.04,0.138,A1,Free-flow
2026-01-03 10:20:00,47.15,52.38,0.451,B2,Moderate
2026-01-02 07:35:00,66.85,23.58,0.077,B2,Free-flow
2026-01-02 17:15:00,35.63,59.31,0.389,A1,Moderate
2026-01-02 07:50:00,64.7,25.59,0.173,A2,Free-flow
2026-01-02 11:30:00,51.92,64.79,0.272,B2,Moderate
2026-01-01 09:50:00,66.2,38.9,0.087,A2,Free-flow
2026-01-02 11:05:00,44.58,55.77,0.26,B1,Moderate
2026-01-02 12:55:00,62.02,67.89,0.322,B2,Moderate
2026-01-02 21:55:00,43.13,60.69,0.31,B2,Moderate
2026-01-03 06:20:00,52.07,63.72,0.311,B2,Moderate
2026-01-02 03:45:00,88.48,22.42,0.069,B2,Free-flow
2026-01-01 22:15:00,75.08,26.94,0.136,B2,Free-flow
2026-01-04 08:55:00,6.73,13.38,0.695,A1,Incident-like
2026-01-03 20:30:00,16.65,64.15,0.622,A1,Congested
2026-01-01 14:55:00,72.09,33.3,0.154,A2,Free-flow
2026-01-04 06:55:00,21.96,15.85,0.326,A2,Incident-like
2026-01-01 10:55:00,62.25,17.85,0.107,B1,Free-flow
2026-01-03 15:35:00,16.87,56.42,0.636,A2,Congested
2026-01-02 03:55:00,76.44,19.64,0.159,A2,Free-flow
2026-01-03 05:40:00,50.74,64.54,0.326,B2,Moderate
2026-01-01 14:20:00,55.49,19.86,0.144,B2,Free-flow
2026-01-02 18:55:00,58.61,54.87,0.369,B2,Moderate
2026-01-02 22:50:00,31.72,60.84,0.443,A1,Moderate
2026-01-03 08:55:00,44.33,63.07,0.385,A2,Moderate
2026-01-04 01:10:00,20.67,71.36,0.627,A1,Congested
2026-01-04 00:30:00,28.03,82.08,0.74,B2,Congested
2026-01-01 20:05:00,62.59,18.14,0.129,B1,Free-flow
2026-01-01 20:55:00,72.26,25.88,0.095,B2,Free-flow
2026-01-02 07:20:00,91.56,14.36,0.179,B1,Free-flow
2026-01-02 10:25:00,77.06,23.93,0.065,B1,Free-flow
2026-01-04 06:15:00,16.02,18.09,0.451,A2,Incident-like
2026-01-01 18:25:00,77.35,19.18,0.156,B1,Free-flow
2026-01-01 16:20:00,60.94,26.75,0.078,A1,Free-flow
2026-01-03 17:00:00,16.36,111.84,0.756,B2,Congested
2026-01-01 10:10:00,73.38,35.05,0.126,A1,Free-flow
2026-01-02 11:25:00,51.67,66.74,0.27,A1,Moderate
2026-01-04 03:10:00,18.44,82.05,0.624,B2,Congested
2026-01-01 17:50:00,74.93,22.0,0.138,A2,Free-flow
2026-01-02 21:10:00,47.88,61.4,0.386,A1,Moderate
2026-01-02 15:15:00,48.66,72.99,0.234,A2,Moderate
2026-01-04 04:55:00,26.1,19.14,0.825,A1,Incident-like
2026-01-02 08:40:00,78.72,34.41,0.109,A1,Free-flow
2026-01-01 07:35:00,68.3,30.01,0.112,A1,Free-flow
2026-01-04 01:35:00,30.05,120.87,0.524,A1,Congested
2026-01-03 17:20:00,29.9,78.78,0.712,A1,Congested
2026-01-03 18:40:00,13.81,67.67,0.751,B2,Congested
2026-01-02 15:55:00,56.83,74.41,0.25,B2,Moderate
2026-01-04 02:25:00,22.8,80.25,0.996,B1,Congested
2026-01-01 09:10:00,70.22,13.7,0.079,A2,Free-flow
2026-01-01 20:35:00,75.58,12.2,0.142,B2,Free-flow
2026-01-02 02:25:00,79.75,21.47,0.1,A2,Free-flow
2026-01-03 20:10:00,25.23,83.84,0.831,B1,Congested
2026-01-03 08:30:00,49.48,62.69,0.345,B1,Moderate
2026-01-03 14:35:00,27.88,108.79,0.651,A2,Congested
2026-01-03 22:10:00,24.97,81.65,0.541,B2,Congested
2026-01-01 18:50:00,75.62,13.04,0.145,A1,Free-flow
2026-01-02 05:55:00,71.12,26.47,0.151,B1,Free-flow
2026-01-03 03:20:00,40.04,32.13,0.291,B2,Moderate
2026-01-01 07:25:00,58.54,21.66,0.127,A2,Free-flow
2026-01-01 16:35:00,75.42,22.68,0.133,A2,Free-flow
2026-01-02 08:50:00,81.07,21.47,0.134,A2,Free-flow
2026-01-02 03:15:00,63.25,26.02,0.17,B2,Free-flow
2026-01-03 07:40:00,48.4,42.57,0.308,A2,Moderate
2026-01-04 06:05:00,6.33,19.8,0.66,A2,Incident-like
2026-01-01 21:50:00,69.41,12.16,0.119,B1,Free-flow
2026-01-01 15:35:00,76.24,19.07,0.113,B2,Free-flow
2026-01-03 04:25:00,43.26,48.38,0.221,B2,Moderate
2026-01-01 21:00:00,75.77,20.27,0.104,B1,Free-flow
2026-01-02 07:05:00,72.82,18.66,0.086,A2,Free-flow
2026-01-03 15:00:00,9.8,84.24,0.758,A1,Congested
2026-01-03 11:35:00,45.87,72.75,0.254,A1,Moderate
2026-01-03 19:00:00,8.93,90.38,0.647,B1,Congested
2026-01-03 09:40:00,52.74,49.07,0.273,B1,Moderate
2026-01-04 03:50:00,14.67,95.36,0.563,B1,Congested
2026-01-03 01:05:00,44.06,52.68,0.307,A1,Moderate
2026-01-04 07:40:00,0.91,30.98,0.391,B2,Incident-like
2026-01-01 09:45:00,68.01,15.71,0.081,A1,Free-flow
2026-01-04 01:50:00,22.33,95.46,0.81,A2,Congested
2026-01-01 19:05:00,69.97,22.89,0.128,B1,Free-flow
2026-01-03 13:50:00,18.8,84.63,0.698,A1,Congested
2026-01-01 20:15:00,58.79,15.03,0.103,B1,Free-flow
2026-01-01 07:20:00,69.8,34.46,0.085,B1,Free-flow
2026-01-03 00:35:00,49.47,44.54,0.412,A2,Moderate
2026-01-01 10:00:00,70.75,23.71,0.094,A1,Free-flow
2026-01-04 07:30:00,24.68,16.86,0.478,A1,Incident-like
2026-01-03 20:55:00,13.08,91.16,0.691,B1,Congested
2026-01-03 00:55:00,47.94,61.29,0.289,A1,Moderate
2026-01-03 09:45:00,57.11,65.6,0.352,A1,Moderate
2026-01-02 22:00:00,49.97,49.62,0.304,B1,Moderate
2026-01-02 05:35:00,73.84,29.15,0.135,A2,Free-flow
2026-01-03 07:25:00,45.84,55.93,0.378,B1,Moderate
2026-01-02 00:45:00,71.36,36.58,0.156,A1,Free-flow
2026-01-01 08:10:00,71.21,21.04,0.117,B1,Free-flow
2026-01-03 16:40:00,22.25,79.59,0.649,B2,Congested
2026-01-02 18:25:00,45.79,34.79,0.221,A2,Moderate
2026-01-04 05:00:00,11.68,41.36,0.471,B2,Incident-like
2026-01-02 12:20:00,44.87,57.41,0.302,B1,Moderate
2026-01-02 01:05:00,71.02,30.97,0.162,B2,Free-flow
2026-01-01 09:05:00,68.88,14.36,0.145,B2,Free-flow
2026-01-04 06:10:00,15.79,1.42,0.272,A1,Incident-like
2026-01-02 13:10:00,39.9,46.42,0.314,B1,Moderate
2026-01-02 21:05:00,39.46,48.03,0.32,B2,Moderate
2026-01-04 06:20:00,12.13,37.56,0.249,A1,Incident-like
2026-01-03 21:40:00,14.8,86.79,0.547,B2,Congested
2026-01-03 12:40:00,21.75,97.45,0.76,B2,Congested
2026-01-01 22:10:00,61.47,29.85,0.134,A2,Free-flow
2026-01-03 21:50:00,18.88,82.16,0.759,A1,Congested
2026-01-04 02:45:00,5.54,72.17,0.636,A1,Congested
2026-01-02 23:55:00,54.25,48.71,0.267,A2,Moderate
2026-01-04 06:30:00,0.0,32.64,0.666,A1,Incident-like
2026-01-04 06:00:00,8.47,22.53,0.5,B1,Incident-like
2026-01-03 06:15:00,49.12,57.66,0.264,B2,Moderate
2026-01-04 06:25:00,14.73,26.7,0.577,B2,Incident-like
2026-01-01 19:30:00,74.67,24.36,0.089,A1,Free-flow
2026-01-03 10:55:00,54.86,73.5,0.434,B1,Moderate
2026-01-01 18:40:00,83.64,24.92,0.13,A2,Free-flow
2026-01-03 09:20:00,42.96,49.67,0.244,A1,Moderate
2026-01-03 10:50:00,51.06,65.33,0.28,B2,Moderate
2026-01-03 14:40:00,13.7,103.83,0.58,A1,Congested
2026-01-01 15:15:00,59.19,18.44,0.138,A2,Free-flow
2026-01-02 00:50:00,72.09,25.74,0.122,A2,Free-flow
2026-01-03 09:50:00,56.73,91.75,0.19,B1,Moderate
2026-01-01 14:35:00,73.88,25.89,0.085,B2,Free-flow
2026-01-02 17:05:00,42.02,63.52,0.379,B2,Moderate
2026-01-02 16:55:00,47.2,85.6,0.316,A2,Moderate
2026-01-03 06:50:00,50.06,69.07,0.356,A2,Moderate
2026-01-01 15:55:00,66.57,29.25,0.109,B2,Free-flow
2026-01-01 10:25:00,73.47,15.43,0.065,B1,Free-flow
2026-01-01 18:35:00,70.47,33.83,0.102,B2,Free-flow
2026-01-02 15:35:00,38.13,72.19,0.287,B2,Moderate
2026-01-04 04:35:00,9.05,0.0,0.118,A2,Incident-like
2026-01-01 23:15:00,69.19,16.84,0.116,A2,Free-flow
2026-01-03 21:10:00,18.47,77.46,0.594,A1,Congested
2026-01-04 05:05:00,6.16,29.55,0.534,A2,Incident-like
2026-01-01 06:40:00,75.3,27.02,0.206,A2,Free-flow
2026-01-03 21:15:00,18.06,116.61,0.639,A2,Congested
2026-01-01 09:00:00,83.71,15.68,0.094,A2,Free-flow
2026-01-02 19:40:00,48.18,55.36,0.334,B1,Moderate
2026-01-02 03:05:00,70.23,23.28,0.119,A2,Free-flow
2026-01-02 07:15:00,62.07,22.57,0.124,B2,Free-flow
2026-01-03 14:00:00,27.88,89.15,0.485,B1,Congested
2026-01-03 05:35:00,42.63,48.32,0.215,B1,Moderate
2026-01-03 09:55:00,43.69,47.79,0.235,B2,Moderate
2026-01-03 15:25:00,16.32,106.7,0.718,B1,Congested
2026-01-03 12:10:00,17.83,99.16,0.769,A2,Congested
2026-01-02 03:50:00,72.56,16.47,0.09,B1,Free-flow
2026-01-03 08:50:00,48.47,57.66,0.324,B2,Moderate
2026-01-02 06:45:00,80.36,32.31,0.128,B1,Free-flow
2026-01-02 16:30:00,27.31,43.03,0.388,B2,Moderate
2026-01-01 18:30:00,85.03,17.21,0.084,B2,Free-flow
2026-01-03 17:10:00,22.51,78.39,0.694,B1,Congested
2026-01-04 00:20:00,18.02,85.59,0.953,B1,Congested
2026-01-03 03:50:00,27.58,72.28,0.097,A2,Moderate
2026-01-02 22:40:00,44.74,86.5,0.188,A2,Moderate
2026-01-01 18:15:00,75.72,13.07,0.108,A2,Free-flow
2026-01-01 18:10:00,67.65,40.94,0.137,A2,Free-flow
2026-01-03 12:15:00,17.71,64.3,0.644,A1,Congested
2026-01-04 03:25:00,15.78,85.87,0.694,A1,Congested
2026-01-03 13:30:00,17.38,98.29,0.816,B1,Congested
2026-01-02 11:00:00,41.84,85.38,0.331,B2,Moderate
2026-01-02 20:35:00,45.31,61.46,0.292,B2,Moderate
2026-01-02 09:05:00,71.21,22.29,0.036,B2,Free-flow
2026-01-01 21:30:00,70.86,28.31,0.051,A1,Free-flow
2026-01-01 16:15:00,69.14,29.63,0.189,A1,Free-flow
2026-01-03 21:45:00,19.71,86.01,0.663,B2,Congested
2026-01-03 08:40:00,48.44,59.29,0.325,B2,Moderate
2026-01-01 17:55:00,79.48,11.18,0.107,A1,Free-flow
2026-01-04 05:35:00,7.15,18.04,0.274,A2,Incident-like
2026-01-01 22:25:00,67.83,20.95,0.101,B2,Free-flow
2026-01-03 08:45:00,51.89,58.53,0.253,A2,Moderate
2026-01-02 05:15:00,79.39,24.24,0.109,A1,Free-flow
2026-01-02 06:25:00,63.83,24.37,0.109,A1,Free-flow
2026-01-02 15:20:00,50.35,47.01,0.263,B2,Moderate
2026-01-01 16:10:00,65.3,19.84,0.061,A1,Free-flow
2026-01-01 21:15:00,69.71,22.67,0.075,A2,Free-flow
2026-01-01 22:50:00,80.9,22.28,0.079,B1,Free-flow
2026-01-02 18:30:00,28.75,55.19,0.297,B1,Moderate
2026-01-02 02:30:00,79.27,24.22,0.131,B2,Free-flow
2026-01-02 16:35:00,50.52,41.31,0.411,A2,Moderate
2026-01-04 00:15:00,24.81,100.65,0.666,A2,Congested
2026-01-01 16:45:00,80.54,21.68,0.165,B1,Free-flow
2026-01-03 11:05:00,43.46,40.17,0.316,B1,Moderate
2026-01-02 15:30:00,61.04,65.23,0.297,B1,Moderate
2026-01-03 16:50:00,7.5,73.11,0.559,A2,Congested
2026-01-03 15:50:00,15.21,101.24,0.457,A1,Congested
2026-01-04 02:05:00,15.28,103.79,0.788,A1,Congested
2026-01-02 00:15:00,82.0,28.45,0.15,B1,Free-flow
2026-01-03 11:25:00,38.99,76.99,0.245,A1,Moderate
2026-01-04 02:15:00,14.07,115.63,0.684,A1,Congested
2026-01-03 14:25:00,26.26,115.57,0.847,A2,Congested
2026-01-04 02:30:00,12.48,73.14,0.741,B2,Congested
2026-01-03 10:00:00,45.9,43.4,0.333,B2,Moderate
2026-01-03 20:45:00,15.69,89.67,0.825,A1,Congested
2026-01-03 15:05:00,9.35,102.03,0.802,B2,Congested
2026-01-02 14:10:00,46.5,48.43,0.34,A2,Moderate
2026-01-04 06:40:00,11.28,44.38,0.46,A1,Incident-like
2026-01-03 00:25:00,44.84,58.86,0.219,B1,Moderate
2026-01-02 04:15:00,70.64,26.9,0.111,A2,Free-flow
2026-01-03 20:50:00,27.8,79.75,0.686,A2,Congested
2026-01-02 18:45:00,54.87,44.02,0.451,B1,Moderate
2026-01-02 23:20:00,55.89,59.17,0.244,B1,Moderate
2026-01-01 15:20:00,76.19,25.93,0.063,A2,Free-flow
2026-01-02 01:20:00,80.8,23.07,0.07,A1,Free-flow
2026-01-03 23:00:00,19.97,107.59,0.581,A1,Congested
2026-01-03 08:35:00,49.39,63.87,0.292,A2,Moderate
2026-01-03 13:55:00,24.01,107.74,0.774,B2,Congested
2026-01-02 13:05:00,53.92,39.09,0.264,B1,Moderate
2026-01-04 07:25:00,14.08,7.58,0.611,B2,Incident-like
2026-01-03 21:05:00,22.99,83.22,0.749,A2,Congested
2026-01-02 01:25:00,73.74,22.59,0.097,A2,Free-flow
2026-01-03 16:55:00,11.87,81.46,0.613,A1,Congested
2026-01-03 14:20:00,11.89,59.2,0.705,B1,Congested
2026-01-02 08:25:00,81.94,31.91,0.145,B2,Free-flow
2026-01-03 12:00:00,20.99,95.7,0.798,B1,Congested
2026-01-02 16:10:00,57.81,60.18,0.246,A1,Moderate
2026-01-04 06:45:00,7.08,30.61,0.417,A1,Incident-like
2026-01-02 11:50:00,59.79,51.63,0.383,B2,Moderate
2026-01-02 03:30:00,69.51,31.35,0.093,B1,Free-flow
2026-01-03 10:15:00,40.98,37.11,0.311,A1,Moderate
2026-01-03 10:40:00,44.22,55.88,0.316,A2,Moderate
2026-01-02 05:30:00,60.67,27.11,0.139,B1,Free-flow
2026-01-02 13:20:00,46.24,28.23,0.24,B2,Moderate
2026-01-02 14:00:00,54.14,61.24,0.339,A2,Moderate
2026-01-02 00:40:00,75.18,24.42,0.068,A2,Free-flow
2026-01-04 05:10:00,4.16,26.37,0.376,B2,Incident-like
2026-01-03 19:20:00,25.8,77.88,0.71,B1,Congested
2026-01-02 21:20:00,37.7,64.04,0.141,A2,Moderate
2026-01-02 10:55:00,43.45,49.91,0.26,A1,Moderate
2026-01-03 00:05:00,59.97,85.21,0.238,B1,Moderate
2026-01-03 11:15:00,49.64,59.81,0.351,B2,Moderate
2026-01-04 07:55:00,21.37,17.81,0.79,B1,Incident-like
2026-01-04 04:45:00,31.51,11.5,0.475,A2,Incident-like
2026-01-04 01:30:00,23.06,76.53,0.691,A1,Congested
2026-01-03 09:35:00,52.21,61.99,0.253,B2,Moderate
2026-01-03 21:55:00,16.21,99.28,0.666,A2,Congested
2026-01-03 11:45:00,36.92,49.06,0.306,A1,Moderate
2026-01-03 21:20:00,20.75,127.89,0.584,A2,Congested
2026-01-03 04:20:00,38.55,77.25,0.308,A1,Moderate
2026-01-04 05:30:00,18.41,49.16,0.47,A2,Incident-like
2026-01-03 06:05:00,56.32,65.51,0.221,A2,Moderate
2026-01-01 13:05:00,51.47,22.34,0.127,B2,Free-flow
2026-01-02 02:10:00,86.7,21.65,0.196,B2,Free-flow
2026-01-03 16:10:00,25.17,76.73,0.7,B2,Congested
2026-01-01 19:15:00,76.45,26.07,0.201,B2,Free-flow
2026-01-03 01:40:00,56.55,65.73,0.248,A1,Moderate
2026-01-01 08:55:00,82.87,29.85,0.134,A1,Free-flow
2026-01-03 03:00:00,57.98,38.49,0.361,A1,Moderate
2026-01-01 20:10:00,84.89,15.44,0.13,B2,Free-flow
2026-01-03 12:30:00,30.32,83.8,0.492,B2,Congested
2026-01-04 07:05:00,7.25,19.27,0.426,A2,Incident-like
2026-01-03 21:25:00,19.98,111.3,0.607,A1,Congested
2026-01-04 04:30:00,19.26,43.2,0.281,B1,Incident-like
2026-01-03 19:05:00,21.33,86.3,0.48,A2,Congested
2026-01-01 13:55:00,62.62,20.37,0.18,A1,Free-flow
2026-01-03 04:55:00,43.9,59.97,0.265,B1,Moderate
2026-01-02 02:00:00,84.49,16.11,0.105,B1,Free-flow
2026-01-03 05:50:00,47.36,51.63,0.465,B1,Moderate
2026-01-03 15:30:00,14.81,79.01,0.525,A1,Congested
2026-01-02 20:20:00,59.04,45.19,0.306,B2,Moderate
2026-01-03 04:05:00,47.61,43.69,0.269,A2,Moderate
2026-01-03 23:30:00,33.75,112.88,0.605,A2,Congested
2026-01-01 23:10:00,70.31,15.49,0.057,A2,Free-flow
2026-01-02 14:40:00,45.36,69.0,0.189,A2,Moderate
2026-01-02 15:05:00,50.04,75.68,0.396,B1,Moderate
2026-01-03 21:30:00,18.88,83.21,0.717,A2,Congested
2026-01-02 00:05:00,88.39,36.5,0.165,A2,Free-flow
2026-01-01 06:20:00,75.74,17.98,0.135,B2,Free-flow
2026-01-03 11:30:00,40.69,57.53,0.304,A1,Moderate
2026-01-04 01:00:00,24.82,105.11,0.592,A2,Congested
2026-01-03 09:00:00,48.69,86.05,0.284,A2,Moderate
2026-01-03 19:30:00,22.84,114.1,0.708,B1,Congested
2026-01-03 03:30:00,40.47,51.35,0.385,B1,Moderate
2026-01-03 18:25:00,18.58,86.43,0.798,A1,Congested
2026-01-03 14:55:00,18.48,87.89,0.769,B1,Congested
2026-01-01 14:10:00,81.24,28.26,0.028,B1,Free-flow
2026-01-03 18:35:00,19.87,89.38,0.795,B2,Congested
2026-01-03 05:45:00,48.62,62.7,0.331,B1,Moderate
2026-01-02 15:50:00,51.59,52.97,0.466,B1,Moderate
2026-01-02 23:50:00,42.58,51.08,0.332,A1,Moderate
2026-01-01 09:55:00,64.78,30.52,0.135,B2,Free-flow
2026-01-01 08:40:00,67.25,13.88,0.123,A2,Free-flow
2026-01-01 22:40:00,53.99,18.21,0.089,A1,Free-flow
2026-01-01 17:10:00,55.42,16.18,0.102,A2,Free-flow
2026-01-01 08:15:00,60.42,14.74,0.08,A2,Free-flow
2026-01-03 23:40:00,25.96,107.69,0.643,A1,Congested
2026-01-02 01:10:00,80.21,24.27,0.086,A1,Free-flow
2026-01-02 22:45:00,40.1,52.08,0.32,A1,Moderate
2026-01-02 13:30:00,53.63,49.9,0.338,B1,Moderate
2026-01-02 06:00:00,72.97,24.92,0.153,A1,Free-flow
2026-01-02 16:50:00,51.57,56.74,0.282,B2,Moderate
2026-01-03 14:10:00,14.85,114.53,0.765,B1,Congested
2026-01-02 14:35:00,44.45,53.08,0.292,B1,Moderate
2026-01-03 07:20:00,37.87,78.67,0.329,A1,Moderate
2026-01-02 23:30:00,47.78,55.43,0.209,A2,Moderate
2026-01-01 17:30:00,62.86,24.04,0.224,B2,Free-flow
2026-01-01 11:10:00,80.02,27.77,0.173,B1,Free-flow
2026-01-02 21:15:00,54.82,58.1,0.296,B1,Moderate
2026-01-03 11:55:00,31.33,70.41,0.227,A2,Moderate
2026-01-01 16:40:00,74.9,33.24,0.106,A2,Free-flow
2026-01-04 07:00:00,11.24,22.13,0.286,A1,Incident-like
2026-01-03 01:20:00,48.28,69.53,0.173,B2,Moderate
2026-01-01 11:20:00,73.41,16.41,0.124,B1,Free-flow
2026-01-01 07:10:00,72.54,26.02,0.145,A2,Free-flow
2026-01-01 19:00:00,58.51,18.22,0.13,B1,Free-flow
2026-01-01 09:20:00,75.32,17.07,0.035,B2,Free-flow
2026-01-02 23:00:00,43.93,30.69,0.355,A1,Moderate
2026-01-02 13:35:00,60.85,55.56,0.336,A2,Moderate
2026-01-01 21:35:00,68.88,36.93,0.113,A2,Free-flow
2026-01-03 21:35:00,17.92,98.75,0.589,B1,Congested
2026-01-02 00:00:00,64.85,24.08,0.108,B1,Free-flow
2026-01-03 23:55:00,22.83,96.97,0.765,A2,Congested
2026-01-01 10:20:00,68.71,31.74,0.137,B1,Free-flow
2026-01-02 10:05:00,69.09,15.96,0.044,A1,Free-flow
2026-01-03 20:20:00,13.04,89.05,0.773,B1,Congested
2026-01-03 17:55:00,24.52,114.83,0.726,B1,Congested
2026-01-03 18:20:00,17.72,64.99,0.879,B1,Congested
2026-01-02 06:35:00,75.28,28.31,0.036,B2,Free-flow
2026-01-03 16:25:00,13.17,103.1,0.772,B1,Congested
2026-01-02 02:55:00,74.23,16.94,0.149,A2,Free-flow
2026-01-03 18:30:00,15.75,109.22,0.744,B2,Congested
2026-01-02 20:25:00,56.85,40.94,0.288,A1,Moderate
2026-01-02 19:55:00,46.93,64.6,0.261,A1,Moderate
2026-01-04 08:40:00,17.46,31.15,0.575,B1,Incident-like
2026-01-02 04:25:00,85.18,26.17,0.144,A2,Free-flow
2026-01-01 22:45:00,64.29,17.59,0.112,A1,Free-flow
2026-01-01 19:25:00,62.04,17.78,0.117,B2,Free-flow
2026-01-03 04:15:00,45.17,47.64,0.401,A1,Moderate
2026-01-03 18:45:00,21.88,98.12,0.658,B2,Congested
2026-01-02 15:25:00,44.2,63.55,0.179,B1,Moderate
2026-01-03 16:30:00,34.62,86.36,0.644,B2,Congested
2026-01-02 21:40:00,46.34,39.19,0.337,A2,Moderate
2026-01-03 22:15:00,8.46,88.4,0.819,A1,Congested
2026-01-01 14:45:00,63.53,23.12,0.179,B2,Free-flow
2026-01-03 05:05:00,49.67,56.94,0.28,A1,Moderate
2026-01-02 14:25:00,46.23,64.75,0.22,B2,Moderate
2026-01-01 06:05:00,56.39,14.88,0.125,B1,Free-flow
2026-01-04 03:55:00,14.94,105.48,0.77,B2,Congested
2026-01-03 04:45:00,35.57,50.15,0.325,A2,Moderate
2026-01-01 12:40:00,75.09,18.66,0.076,A1,Free-flow
2026-01-01 23:05:00,77.61,16.75,0.12,A1,Free-flow
2026-01-01 08:50:00,70.09,16.84,0.127,B2,Free-flow
2026-01-03 22:35:00,24.14,75.32,0.774,B2,Congested
2026-01-03 00:20:00,39.48,68.11,0.246,B2,Moderate
2026-01-02 17:35:00,50.31,67.33,0.253,B2,Moderate
2026-01-02 19:50:00,55.2,31.43,0.334,A1,Moderate
2026-01-02 12:30:00,58.76,75.39,0.284,A1,Moderate
2026-01-01 13:35:00,78.62,21.92,0.123,B1,Free-flow
2026-01-02 10:15:00,65.9,25.04,0.135,B2,Free-flow
2026-01-03 05:00:00,46.1,55.17,0.259,A1,Moderate
2026-01-02 10:45:00,41.51,75.82,0.236,A1,Moderate
2026-01-03 22:40:00,26.12,95.16,0.672,A1,Congested
2026-01-02 02:05:00,64.85,21.72,0.177,B2,Free-flow
2026-01-01 07:05:00,78.97,25.57,0.147,A2,Free-flow
2026-01-02 08:15:00,78.36,25.26,0.094,B1,Free-flow
2026-01-03 08:00:00,43.59,63.61,0.324,B1,Moderate
2026-01-02 14:15:00,44.31,45.61,0.472,A1,Moderate
2026-01-02 04:45:00,48.56,26.68,0.0,A1,Free-flow
2026-01-01 19:50:00,60.36,33.35,0.17,B2,Free-flow
2026-01-04 04:00:00,20.66,71.74,0.659,A1,Congested
2026-01-04 08:20:00,3.87,31.06,0.687,B2,Incident-like
2026-01-03 11:50:00,56.16,45.56,0.304,A1,Moderate
2026-01-04 02:10:00,18.07,113.46,0.827,B2,Congested
2026-01-02 22:20:00,44.24,72.74,0.265,A2,Moderate
2026-01-04 07:20:00,16.35,55.0,0.336,A2,Incident-like
2026-01-03 00:00:00,43.41,51.21,0.387,A2,Moderate
2026-01-04 03:15:00,24.87,93.18,0.604,A1,Congested
2026-01-02 02:15:00,86.03,23.35,0.125,A2,Free-flow
2026-01-03 05:10:00,53.58,55.17,0.289,A2,Moderate
2026-01-03 04:50:00,40.83,68.9,0.226,A2,Moderate
2026-01-03 15:10:00,18.73,62.59,0.761,A1,Congested
2026-01-01 21:45:00,65.05,25.24,0.169,A1,Free-flow
2026-01-03 23:10:00,15.49,86.44,0.6,A2,Congested
2026-01-03 16:15:00,13.25,77.25,0.718,B2,Congested
2026-01-02 21:35:00,56.91,64.44,0.283,B2,Moderate
2026-01-03 14:45:00,18.31,115.89,0.655,A1,Congested
2026-01-03 00:30:00,59.94,71.43,0.331,B2,Moderate
2026-01-01 10:50:00,77.15,9.65,0.118,B2,Free-flow
2026-01-02 21:30:00,56.19,55.86,0.261,B2,Moderate
2026-01-03 04:40:00,41.9,82.01,0.314,A1,Moderate
2026-01-04 05:20:00,14.59,10.82,0.404,A1,Incident-like
2026-01-03 20:15:00,20.23,109.68,0.6,A2,Congested
2026-01-02 03:00:00,72.5,10.76,0.042,A1,Free-flow
2026-01-01 07:45:00,73.14,28.83,0.103,A2,Free-flow
2026-01-02 08:05:00,68.73,14.21,0.058,B2,Free-flow
2026-01-02 20:15:00,51.17,61.85,0.327,B2,Moderate
2026-01-01 19:20:00,71.3,21.85,0.09,A1,Free-flow
2026-01-02 05:00:00,89.94,23.99,0.136,B2,Free-flow
2026-01-01 21:55:00,69.26,23.43,0.052,B1,Free-flow
2026-01-02 14:05:00,51.28,65.89,0.5,B2,Moderate
2026-01-04 01:05:00,19.65,117.89,0.498,B2,Congested
2026-01-02 16:25:00,49.66,57.0,0.279,A2,Moderate
2026-01-02 22:55:00,49.82,70.3,0.299,A2,Moderate
2026-01-02 10:35:00,58.72,70.09,0.292,B2,Moderate
2026-01-03 22:05:00,21.72,110.49,0.668,A1,Congested
2026-01-02 07:40:00,75.64,34.12,0.117,B1,Free-flow
2026-01-03 13:05:00,2.42,85.48,0.727,B2,Congested
2026-01-01 16:50:00,75.07,23.08,0.134,B2,Free-flow
2026-01-03 13:15:00,20.57,104.4,0.718,B2,Congested
2026-01-04 06:35:00,13.39,26.75,0.338,B2,Incident-like
2026-01-01 14:15:00,72.58,26.9,0.185,B1,Free-flow
2026-01-02 13:00:00,44.93,53.27,0.161,A1,Moderate
2026-01-01 13:15:00,85.82,13.26,0.155,A2,Free-flow
2026-01-02 20:10:00,38.13,55.91,0.259,A1,Moderate
2026-01-02 09:30:00,72.12,28.83,0.139,A2,Free-flow
2026-01-01 23:50:00,63.84,10.98,0.124,A2,Free-flow
2026-01-02 20:50:00,42.68,64.93,0.313,A2,Moderate
2026-01-01 16:05:00,65.84,33.48,0.124,A1,Free-flow
2026-01-03 09:10:00,53.92,61.83,0.398,A2,Moderate
2026-01-01 07:40:00,61.79,16.07,0.083,B2,Free-flow
2026-01-03 16:20:00,24.97,90.05,0.697,B1,Congested
2026-01-01 11:55:00,61.7,16.32,0.193,A1,Free-flow
2026-01-01 14:50:00,66.05,18.24,0.128,B1,Free-flow
2026-01-02 04:30:00,62.79,23.38,0.158,A2,Free-flow
2026-01-04 05:40:00,35.31,38.65,0.423,B1,Incident-like
2026-01-02 18:15:00,51.84,68.75,0.17,A1,Moderate
2026-01-01 14:30:00,67.43,29.7,0.163,B1,Free-flow
